관광지,별점,방문자리뷰,블로그리뷰
부산어촌민속관,0,6,243
부산문화회관,별점4.5/5,339,2209
부산시민회관,별점4.59/5,57,815
부산가톨릭센터,별점4.25/5,38,53
장기려기념더나눔센터,0,0,20
부산박물관,별점4.71/5,79,793
부산여자대학차박물관,0,0,4
경성대학교문화홍보처박물관,0,0,0
정인갤러리,0,0,0
추리문학관,0,7,153
복천박물관부산,별점4.31/5,37,327
백산기념관,0,1,86
부산시립미술관,별점4.6/5,234,3314
구덕민속예술관,0,0,39
수영민속예술관,0,0,11
부산강서문화원,0,0,0
부산해양자연사박물관,별점4.35/5,27,635
한광미술관,0,0,0
동의대학교중앙도서관,0,0,0
고신대학교복음병원의학도서관,0,0,0
기장문화원,0,0,0
동래문화원,0,0,0
사상문화원,0,0,0
금정문화원,0,0,0
부산금정도서관,0,0,0
부산금정문화회관,0,0,0
동아대학교석당박물관부산,0,0,0
수산과학관부산,0,0,0
부산공간화랑,0,0,0
조현화랑,0,0,0
부산세관박물관,0,0,0
계단문화관,0,0,0
벡스코BEXCO,0,0,0
부산자유회관부산통일관,0,0,0
부산광역시립명장도서관,0,0,0
부산광역시립부전도서관,0,0,0
부산광역시립사하도서관,0,0,0
부산해운대도서관,0,0,0
동삼동패총전시관,0,0,0
부산광역시영도도서관,0,0,0
부산광역시립중앙도서관,0,6,143
부산반여도서관,0,0,0
부산광역시립시민도서관,0,0,0
부산광역시립연산도서관,0,0,0
부산동구도서관,0,0,0
부산기장도서관,0,0,0
부산광역시립서동도서관,0,0,0
부산점자도서관,0,0,0
주한독일문화원부산분원,0,0,0
갤러리미고,0,0,0
국립부산국악원,0,0,462
오륜대한국순교자박물관,0,0,0
부산대학교박물관,0,4,26
경성대학교조류관,0,1,8
부산과학기술대학교민속자료실,0,2,1
동아대학교석당홀,0,0,3
임시수도기념관,별점4.41/5,11,448
우장춘기념관,0,0,104
동래문화회관,0,0,0
북구문화예술회관공연장,0,2,36
영도문화예술회관,0,2,102
을숙도문화회관,0,5,318
해운대문화회관,0,11,542
조선통신사역사관,0,0,106
국립해양박물관,별점4.27/5,196,2873
부산트릭아이뮤지엄,0,0,0
누리마루APEC하우스,별점4.43/5,16,1280
킴스아트필드미술관,0,0,0
요산문학관,0,0,35
이바구공작소,0,1,154
해양환경공단해양환경교육원부산,0,0,0
한국기독교선교박물관,0,0,8
국립일제강제동원역사관,별점4.7/5,23,408
범어사성보박물관,0,19,23
정관박물관,0,9,263
유엔평화기념관,0,6,192
부산스마트시티전시관,0,0,0
부산현대미술관,별점4.47/5,374,2548
SEALIFE부산아쿠아리움,별점4.31/5,33159,4234
국립부산과학관,별점4.55/5,1839,1995
뮤지엄원,0,8674,2638
거가대교홍보전시관,별점4.35/5,899,33
피아크PARK,별점4.33/5,409,1035
현대모터스튜디오부산,별점4.5/5,241,442
영도조내기고구마역사기념관,별점2.5/5,12,151
놀이마루,0,0,358
부산자원순환협력센터,0,0,68
아난티코브야외공연장,0,0,0
서면미술관,0,0,0
AREA,0,0,154
부산근대역사관,0,8,394
한국신발관,0,0,0
모노플렉스오시리아,별점4.5/5,76,59
창비부산,0,0,223
박태준기념관,0,0,152
갤러리ERD부산,0,0,16
브릭캠퍼스부산,별점4.59/5,438,272
센텀시티아이스링크신세계백화점,별점4.41/5,732,98
파라다이스카지노부산,0,0,5
용호동일대바다낚시,0,0,0
양정청소년수련관,0,0,69
부산광역시금련산청소년수련원,0,0,265
부산광역시학생교육원,0,0,0
해운대일대낚시터,0,0,0
태종대일대,0,0,0
부산사회체육센터,별점4.45/5,588,116
함지골청소년수련관,0,0,0
수영만요트경기장,0,0,0
부산아시아드주경기장,별점4.3/5,47,1001
세븐럭카지노부산롯데점,0,2,7
스포원파크경륜장,0,0,0
영도관광사격장,별점4.64/5,101,33
부산종합운동장,0,0,0
다대실내수영장,0,2,8
부산갈맷길코스구간민락교오륙도,0,0,0
해양스포츠교실,0,0,0
문탠로드,별점4.14/5,15,364
송도구름산책로스카이워크,0,0,684
구덕야영장,0,3,120
회동수원지둘레길,0,0,49
해파랑길코스,0,0,67
해파랑길코스,0,0,124
해안누리길몰운대길,0,0,7
부산항힐링야영장,0,0,196
스카이라인루지부산,별점4.33/5,2145,1053
대저캠핑장,0,0,0
초원숲속캠핑장,별점4.46/5,299,274
장안캠프,0,0,0
화명오토캠핑장,0,0,0
동래베네스트골프클럽,0,0,0
제이스글램핑,별점3.7/5,542,192
임랑카라반파크,별점4.23/5,24,46
더무빙카라반,별점4.67/5,30,569
지오클럽,0,7,11
구포무장애숲길,0,0,0
화명수상레포츠타운,별점4.54/5,117,163
삼락수상레포츠타운,0,1,18
서프마린,별점4.92/5,31,47
송정서핑학교,별점4.82/5,200,294
다이아몬드베이,0,16,2
송도해안볼레길,0,0,50
미포철길,0,0,0
부산요트투어마린,별점4.97/5,843,430
부산항힐링야영장바다가보이는부산항힐링야영장,0,0,196
요트탈래,별점4.73/5,1185,466
남파랑길부산,0,1,7
씨프랜드,0,0,6
서면번가,0,0,70
재난안전체험관,0,0,0
보광사부산,0,0,0
금강사부산,0,0,0
광안리해수욕장,별점4.35/5,746,19347
송정해수욕장,별점4.21/5,85,4848
해운대해수욕장,0,0,0
오륙도부산국가지질공원,0,0,0
일광해수욕장,별점4.3/5,68,1651
해운대온천센터,별점4.45/5,667,159
부산어린이대공원,별점4.29/5,248,1271
부산에덴공원,0,4,119
용두산공원,별점4.4/5,87,2476
부산송도해수욕장,0,0,0
범어사부산,별점4.58/5,200,2
부산동명불원,0,0,14
충렬사,별점3.88/5,14,618
재한유엔기념공원UN기념공원,0,0,0
금정산성,0,2,280
해운대달맞이길,별점4.3/5,513,11873
민락수변공원,별점4.37/5,88,2370
의용단,0,0,5
부산진성공원,별점4.41/5,11,111
광복로문화패션거리,0,0,141
수미르공원,0,0,0
해운대관광특구,0,0,10
삼광사,0,0,1415
부산차이나타운특구상해문상해거리,0,0,0
허심청,별점4.44/5,1672,643
금강공원,별점4.29/5,18,605
BIFF광장,별점4.45/5,4441,107
부산다이아몬드타워,별점4.22/5,2678,1044
수영사적공원,별점3.88/5,14,303
대천천,0,0,0
광안리해변테마거리,0,0,34
을숙도공원,별점4.52/5,214,776
선암사부산,0,0,0
스포원파크,별점4.34/5,161,668
옥련선원,0,0,0
부산광안대교,0,0,1191
황령산,0,0,1144
대항어촌체험휴양마을,0,0,27
계단문화관광테마거리,0,0,298
동백공원,별점4.25/5,57,345
부산올림픽동산,0,0,0
부산암남공원,별점4.5/5,165,1458
홍법사부산,0,0,371
송도마을,0,0,0
금련산,0,0,0
오륙도등대,0,0,0
가덕도등대,0,0,32
청사포,0,0,1937
좌수영성지,0,0,0
삼락생태공원,별점4.29/5,167,2939
소림사부산,0,0,0
동래향교,0,10,54
충렬탑부산충렬사,0,0,0
태종대전망대,별점4.31/5,30,204
남도해양관광열차S트레인Strain,0,0,0
부산가톨릭특성화거리,0,0,0
오륙도스카이워크,별점4.21/5,115,3034
옛백제병원,별점4.37/5,2417,1948
김민부전망대,0,0,50
남선창고터,0,2,9
계단,별점3.98/5,20,350
유치환우체통전망대,0,4,80
부산부평족발골목,0,0,91
부산자갈치양곱창골목,0,0,20
부산감천문화마을,별점4.41/5,445,7140
허브랑야생화,별점4.5/5,80,465
더베이,별점4.26/5,623,4205
부산영화촬영스튜디오,0,3,21
부산복천동고분군,0,13,145
아홉산숲,별점4.34/5,4315,2394
F,별점4.45/5,290,2682
부산영화의전당,별점4.49/5,649,4050
맥도생태공원,별점4.38/5,795,876
화명생태공원,별점4.28/5,42,980
키자니아부산,별점4.48/5,1453,1360
부산송도해상케이블카,별점4.47/5,17895,3864
절영해안산책로,0,0,74
부산대교,0,0,0
광장,0,0,0
깡깡이예술마을,0,0,171
팬스타부산주말원나잇크루즈,0,0,0
외양포포진지,0,0,0
초량이바구길,0,5,389
장림포구,0,0,1254
영도흰여울해안터널,0,0,0
국립달음산자연휴양림,별점4.46/5,177,105
구상반려암부산국가지질공원,0,0,0
낙동강하구부산국가지질공원,0,0,0
두도부산국가지질공원,0,0,0
두송반도부산국가지질공원,0,0,0
몰운대부산국가지질공원,0,0,0
백양산부산국가지질공원,0,0,0
송도반도부산국가지질공원,0,0,0
장산부산국가지질공원,0,0,0
마린시티,0,0,0
북맛골,별점4.56/5,125,28
금정산성마을먹거리촌,0,0,39
부산치유의숲,0,0,195
안데르센동화마을,0,0,225
회동수원지,0,0,0
호천마을,0,0,0
죽성성당드림세트장,별점3.9/5,20,3206
부산시민공원,별점4.44/5,2544,6073
부산엑스더스카이,별점4.31/5,4639,1364
역사의디오라마,0,1,103
해운대블루라인파크,0,12292,2569
승학산,0,0,739
땅뫼산,0,1,37
영도청학배수지전망대,0,9,230
우암동도시숲,별점4.29/5,19,532
백양산웰빙숲,0,0,0
흰여울문화마을,별점4.46/5,122,7478
기장해녀촌연화리횟촌,0,0,0
광안리SUPZone,0,0,0
이중섭거리,0,0,2089
가덕도,별점4.44/5,33,587
월전포구월전방파제,0,0,0
죽성항황학대,0,0,0
영주하늘눈전망대,0,3,83
천마산하늘전망대,0,0,0
캐비네드쁘아쏭미디어갤러리,0,0,0
황령산전망대,0,0,0
아미산전망대,0,0,0
청학수변공원,0,4,155
영도하늘전망대,0,1,138
대항전망대,0,0,117
천성항방파제등대,0,0,32
구덕문화공원,0,0,0
대신공원,0,0,0
부산민주공원,별점4.38/5,15,1199
중앙공원,0,0,0
장미원,0,9,457
구포어린이교통공원,별점4.23/5,13,98
화명수목원,별점4.09/5,27,1272
소두방공원,0,0,0
신평소공원,0,0,0
장안사계곡,0,0,0
은진사,0,0,228
홍연폭포,0,0,26
송상현광장,0,0,0
오륜대전망대,0,3,75
젖병등대,0,0,217
미포,0,0,0
삼익비치수변공원,0,0,0
오시리아해안산책로,0,0,0
센텀APEC나루공원,별점4.32/5,166,772
안심치유정원,0,6,48
곰내연밭,별점4.37/5,33,171
송정역,0,0,0
가덕해양파크휴게소,별점4.4/5,88,23
해운대수목원,0,1,714
해리단길,0,9,664
낙동강생태탐방선,0,4,9
대연수목전시원,0,0,126
부산라벤더팜,별점4.32/5,614,468
다대포항,0,0,0
미포항,0,0,0
부산남항,0,0,2
관음사,0,0,994
국제크루즈터미널,0,0,0
감지해변,별점4.33/5,4984,5227
감천동편부두감천항,0,0,0
사상근린공원,별점4.22/5,51,483
대항선착장,0,0,0
하리선착장,0,0,93
정란각문화공감수정,0,0,0
가덕도대항인공동굴,0,0,5
월전장어구이촌,0,0,0
금정산성막걸리,0,4,17
화전공원,0,0,0
델타루에코델타시티전망대,0,0,0
캐니언파크부산,별점4.32/5,7467,1088
부산롯데월드,0,3174,3009
용호별빛공원,0,1,130
동래온천길온천천산책코스,0,0,0
해운대그린레일웨이미포송정구간,0,0,0
부산칠드런스뮤지엄,별점4.58/5,2196,331
통일아시아드공원,0,0,0
녹산고향동산,0,2,117
오륙도해맞이공원,별점4.46/5,18,950
이기대섭자리,0,0,0
감천사부산,0,0,1
국청사부산,0,0,8
금수사부산,0,1,55
금정선원,0,0,0
마하사부산,0,0,0
미륵사부산,0,0,1
척판암부산,0,0,31
법륜사부산,0,0,0
중앙해수랜드,별점4.4/5,227,52
영주암부산,0,0,0
소름요,0,1,6
청량사부산,0,0,0
낙동강하구에코센터,별점4.52/5,214,776
신세계센텀시티,0,0,0
해운대동백섬,별점4.34/5,132,2681
금정산부산국가지질공원,0,0,0
다대포해수욕장,별점4.42/5,273,6170
태종대부산국가지질공원,0,0,0
장안사부산,0,0,0
무민사,0,0,19
해동용궁사부산,0,0,0
부산중앙공원,0,0,0
태종사,0,0,0
초량교회,0,0,43
친환경스카이웨이전망대이바구길,0,0,0
민주공원,별점4.38/5,15,1199
태종대온천찜질방,별점4.43/5,587,40
평화공원,별점4.27/5,31,921
공수어촌체험마을,0,3,132
동래온천노천족탕,0,0,0
금강식물원,별점4.1/5,31,316
대변마을,0,0,0
영도등대,0,0,196
영도대교,0,0,0
송정죽도공원,0,7,284
금강암부산,0,0,0
문화공감수정부산수정동일본식가옥,0,31,608
부산진지성,0,0,0
부산진일신여학교,0,0,33
온정개건비,0,1,11
해월정,별점4.14/5,15,364
전포카페거리,0,0,1214
임랑해수욕장,별점4.33/5,32,891
신선대부산,0,2,5
대각사부산,0,0,0
수리조선소길,0,0,0
당산,0,0,0
관수옥과초량왜관터,0,0,5
이기대부산국가지질공원,0,0,0
기장향교,0,2,28
용두산자갈치관광특구,0,0,0
삼진어묵체험역사관,0,4097,243
대저생태공원,별점4.42/5,73,3083
망산도유주암유주비각,0,0,0
봉래산부산,0,0,0
부산영화체험박물관,별점4.4/5,2284,696
부산차량융합기술단부산철도차량정비단,0,0,0
만들숲,0,0,62
낙동강문화관,별점4.53/5,23,142
청사포다릿돌전망대,별점4.2/5,16,1286
산복도로,별점4.56/5,66,258
동래읍성지,0,19,8
아미르공원,0,0,132
구포만세거리,0,0,1
KTG상상마당부산,별점4.62/5,1063,1474
송도용궁구름다리,별점4.35/5,2474,631
해운대리버크루즈,별점4.87/5,119,186
성지곡수원지,별점4.28/5,28,414
가덕도연대봉,0,22,3
부산투어지,0,18,15
용소웰빙공원,별점4.09/5,16,946
물빛색스튜디오,0,1,61
대저수문생태공원,0,0,100
비석문화마을,0,4,201
닥밭골벽화마을,0,0,212
해동성취사,0,0,82
해광사,0,0,0
학리항학리방파제,0,0,0
칠암항,0,0,0
옥정사,0,0,0
이동항,0,0,0
묘관음사,0,0,0
석탑사,0,0,16
가야공원가야산책공원,0,0,0
감만시민공원,0,7,0
누리바라기전망대,별점4.13/5,12,102
만덕고개누리길전망데크,0,0,0
외양포항,0,0,23
울림공원,0,0,126
신호공원,별점4.26/5,19,146
연태봉,0,0,0
온천천시민공원,0,0,0
보람공원,0,0,0
명지동근린공원,별점4.25/5,35,173
밀락더마켓,0,273,1363
금용암부산,0,0,0
성암사부산,0,0,15
묘심사부산,0,0,0
안적사부산,0,0,81
약수암부산,0,0,0
운수사부산,0,0,242
연등사부산,0,0,0
월명사부산,0,0,0
혜원정사,0,0,5
조방해수탕,별점4.44/5,131,13
스파랜드센텀시티,별점4.54/5,7758,1007
다대포꿈의낙조분수,0,0,0
내원정사부산,0,0,165
